Handle,Title,Body (HTML),Vendor,Product Category,Type,Tags,Published,Option1 Name,Option1 Value,Option2 Name,Option2 Value,Option3 Name,Option3 Value,Variant SKU,Variant Grams,Variant Inventory Tracker,Variant Inventory Qty,Variant Inventory Policy,Variant Fulfillment Service,Variant Price,Variant Compare At Price,Variant Requires Shipping,Variant Taxable,Variant Barcode,Image Src,Image Position,Image Alt Text,Gift Card,SEO Title,SEO Description,Google Shopping / Google Product Category,Google Shopping / Gender,Google Shopping / Age Group,Google Shopping / MPN,Google Shopping / Condition,Google Shopping / Custom Product,Google Shopping / Custom Label 0,Google Shopping / Custom Label 1,Google Shopping / Custom Label 2,Google Shopping / Custom Label 3,Google Shopping / Custom Label 4,Variant Image,Variant Weight Unit,Variant Tax Code,Cost per item,Included / India,Included / International,Price / International,Compare At Price / International,Status
9392_diamond_shape_usb_light,"6819  Mix Color Diamond Shape Car Mini USB LED Environmental Lights for Car and Home Decoration Led Light, Mini USB LED Night Lights Car Interior Atmosphere Lamp (Mix -Color)","<style data-mce-fragment=""1"" type=""text/css""><!--
td {border: 1px solid #cccccc;}br {mso-data-placement:same-cell;}
--></style>
<p><strong>6819¬† Mix Color¬†<span class=""a-size-large product-title-word-break"">Diamond Shape Car Mini USB LED Environmental Lights for Car and Home Decoration Led Light,¬†</span><span class=""a-size-large product-title-word-break"" id=""productTitle"">Mini USB LED Night Lights Car Interior Atmosphere Lamp (Mix -Color)</span></strong></p>
<p><strong>Description:-</strong><br><br></p>
<ul class=""a-unordered-list a-vertical a-spacing-mini"">
<li class=""a-spacing-mini""><span class=""a-list-item"">Diamond-shaped design for a unique and stylish look in your car's interior.<br><br></span></li>
<li class=""a-spacing-mini""><span class=""a-list-item"">High-Grade Material„Äë Using high-quality raw materials. USB Car Light has no odor and is safe to use. Strong toughness, not easy to break, solid and durable.<br><br></span></li>
<li class=""a-spacing-mini""><span class=""a-list-item"">„ÄêTake It Anywhere„Äë The USB LED Night Light Mini can be carried around the house, to school, or on a trip because it is portable and light enough to be held easily in the hand. It can be carried any place if you put it in your bag.<br><br></span></li>
<li class=""a-spacing-mini""><span class=""a-list-item"">„ÄêPerfect Gift„Äë Mini USB Interior Car Light can be given as a gift on Father's Day, Halloween, Christmas, and other special occasions to your families, friends, or other loved ones.<br><br></span></li>
<li class=""a-spacing-mini""><span class=""a-list-item"">„ÄêUnique Decoration„Äë It will look excellent and represent your good taste if you place it in your home or office. The Mini USB LED Light for Car has a straightforward shape yet a very distinctive design.<br><br></span></li>
<li class=""a-spacing-mini""><span class=""a-list-item"">„ÄêVersatile Uses„Äë Mini LED USB Car Interior Light is appropriate for use in automobiles, living rooms, bedrooms, hallways, gardens, offices, and other settings.</span></li>
</ul>
<p><br><strong>Dimension:-<br><br></strong>Volu. Weight (Gm) :- 48<br data-mce-fragment=""1""> <br data-mce-fragment=""1"">Product Weight (Gm) :- 6<br data-mce-fragment=""1""> <br data-mce-fragment=""1"">Ship Weight (Gm) :- 48<br data-mce-fragment=""1""> <br data-mce-fragment=""1"">Length (Cm) :- 9<br data-mce-fragment=""1""> <br data-mce-fragment=""1"">Breadth (Cm) :- 7<br data-mce-fragment=""1""> <br data-mce-fragment=""1"">Height (Cm) :- 3<br data-mce-fragment=""1""><strong><br></strong></p>",your brand,,Home Decor,"Home D√©cor, plastic packing",TRUE,Title,Default Title,,,,,6819_diamond_shape_usb_light,48,shopify,6000,deny,manual,54,99,TRUE,TRUE,6819_diamond_shape_usb_light,https://cdn.shopify.com/s/files/1/0782/3284/6646/files/02_2774f461-b597-4e52-b6aa-e96ac968756f.jpg?v=1695711713,1,,FALSE,,,,,,,,,,,,,,,g,,,TRUE,TRUE,,,active
9392_diamond_shape_usb_light,,,,,,,,,,,,,,,,,,,,,,,,,https://cdn.shopify.com/s/files/1/0782/3284/6646/files/6819.jpg?v=1695711713,2,,,,,,,,,,,,,,,,,,,,,,,,
9392_diamond_shape_usb_light,,,,,,,,,,,,,,,,,,,,,,,,,https://cdn.shopify.com/s/files/1/0782/3284/6646/files/04_ae7a9ecd-292e-4a91-987b-d74950dfcd4a.jpg?v=1695711713,3,,,,,,,,,,,,,,,,,,,,,,,,
9392_diamond_shape_usb_light,,,,,,,,,,,,,,,,,,,,,,,,,https://cdn.shopify.com/s/files/1/0782/3284/6646/files/03_53889b95-2f97-477f-a9e0-01f4fa812ff8.jpg?v=1695711713,4,,,,,,,,,,,,,,,,,,,,,,,,
9392_diamond_shape_usb_light,,,,,,,,,,,,,,,,,,,,,,,,,https://cdn.shopify.com/s/files/1/0782/3284/6646/files/05_fdbc2c05-21c1-4c6f-9e68-492b4de7749c.jpg?v=1695711713,5,,,,,,,,,,,,,,,,,,,,,,,,
9392_diamond_shape_usb_light,,,,,,,,,,,,,,,,,,,,,,,,,https://cdn.shopify.com/s/files/1/0782/3284/6646/files/06_36b92532-8c58-45a1-a2c5-8ed56923103c.jpg?v=1695711713,6,,,,,,,,,,,,,,,,,,,,,,,,
9392_diamond_shape_usb_light,,,,,,,,,,,,,,,,,,,,,,,,,https://cdn.shopify.com/s/files/1/0782/3284/6646/files/3a108fb5-c384-485b-b877-775bbc552f64.jpg?v=1695711713,7,,,,,,,,,,,,,,,,,,,,,,,,
5209-silicon-micky-plate-and-1-spoon-1-fork-card-packing-1-pc-product-1,5209 Silicon Micky Plate And 1 Spoon & 1 Fork Card Packing ( 1 Pc Product),"<strong>5209 Silicon Micky Plate And 1 Spoon &amp; 1 Fork Card Packing ( 1 Pc Product )<br><br>Description :-<br><br></strong>This Disney set features a 2 in 1 sectioned plate and silicone place-mat with a stainless steel fork and spoon.<br data-mce-fragment=""1""><br data-mce-fragment=""1""> Conveniently sized fork and spoon with easy to grip durable plastic handles.<br data-mce-fragment=""1""><br data-mce-fragment=""1""> Keeps the place-mat in place while the toddler enjoys the meal.<br data-mce-fragment=""1""><br data-mce-fragment=""1"">Easy To Clean Dishwasher safe utensils are easy to clean after mealtimes.<br data-mce-fragment=""1""><br data-mce-fragment=""1"">Great for babies and children to have fun while eating but without the mess.<br data-mce-fragment=""1""><br><strong><br>Dimension :-¬†<br><br>¬†</strong>Volu. Weight (Gm) :- 369<br data-mce-fragment=""1""> <br data-mce-fragment=""1"">¬†Product Weight (Gm) :- 128<br data-mce-fragment=""1""> <br data-mce-fragment=""1"">¬†Ship Weight (Gm) :- 369<br data-mce-fragment=""1""> <br data-mce-fragment=""1"">¬†Length (Cm) :- 23<br data-mce-fragment=""1""> <br data-mce-fragment=""1"">¬†Breadth (Cm) :- 26<br data-mce-fragment=""1""> <br data-mce-fragment=""1"">¬†Height (Cm) :- 3<strong><br data-mce-fragment=""1""></strong>",your brand,,Kitchen,"Card Packing, dish",TRUE,Title,Default Title,,,,,5209_silicon_micky_plate,369,shopify,329,deny,manual,208,199,TRUE,TRUE,5209_silicon_micky_plate,https://cdn.shopify.com/s/files/1/0782/3284/6646/files/03_36dbcac0-5634-48c2-9ca1-e1dbe64422fb.jpg?v=1695708831,1,,FALSE,,,,,,,,,,,,,,,g,,,TRUE,TRUE,,,active
5209-silicon-micky-plate-and-1-spoon-1-fork-card-packing-1-pc-product-1,,,,,,,,,,,,,,,,,,,,,,,,,https://cdn.shopify.com/s/files/1/0782/3284/6646/files/01_e4b912f5-a765-4093-956b-418e3326a204.jpg?v=1695708831,2,,,,,,,,,,,,,,,,,,,,,,,,
5209-silicon-micky-plate-and-1-spoon-1-fork-card-packing-1-pc-product-1,,,,,,,,,,,,,,,,,,,,,,,,,https://cdn.shopify.com/s/files/1/0782/3284/6646/files/02_333f896f-7ab5-4d2f-bda0-cbd2f1d1716a.jpg?v=1695708831,3,,,,,,,,,,,,,,,,,,,,,,,,
5209-silicon-micky-plate-and-1-spoon-1-fork-card-packing-1-pc-product-1,,,,,,,,,,,,,,,,,,,,,,,,,https://cdn.shopify.com/s/files/1/0782/3284/6646/files/04_1e16657f-a489-45ce-bc11-7adff867904d.jpg?v=1695708832,4,,,,,,,,,,,,,,,,,,,,,,,,
5209-silicon-micky-plate-and-1-spoon-1-fork-card-packing-1-pc-product-1,,,,,,,,,,,,,,,,,,,,,,,,,https://cdn.shopify.com/s/files/1/0782/3284/6646/files/07_22010b1e-5e95-4058-a2a9-62b45c96035c.jpg?v=1695708832,5,,,,,,,,,,,,,,,,,,,,,,,,
5209-silicon-micky-plate-and-1-spoon-1-fork-card-packing-1-pc-product-1,,,,,,,,,,,,,,,,,,,,,,,,,https://cdn.shopify.com/s/files/1/0782/3284/6646/files/05_c47d5221-a159-44db-9532-0f83576cdd0c.jpg?v=1695708832,6,,,,,,,,,,,,,,,,,,,,,,,,
5209-silicon-micky-plate-and-1-spoon-1-fork-card-packing-1-pc-product-1,,,,,,,,,,,,,,,,,,,,,,,,,https://cdn.shopify.com/s/files/1/0782/3284/6646/files/08_be0266f6-d727-496f-8793-6fda98013809.jpg?v=1695708833,7,,,,,,,,,,,,,,,,,,,,,,,,
5209-silicon-micky-plate-and-1-spoon-1-fork-card-packing-1-pc-product-1,,,,,,,,,,,,,,,,,,,,,,,,,https://cdn.shopify.com/s/files/1/0782/3284/6646/files/06_23393f13-d4f8-4bcb-92c2-4931e9946d5b.jpg?v=1695708833,8,,,,,,,,,,,,,,,,,,,,,,,,
5882_silicone_cooking_spatula,"5882 Silicone Spatula for Baking, 1 Pc Rubber Spatula Pancake Spatula Heat Resistant Kitchen Utensils for Cooking Non-Sticky Big Baking Spatula Set Food Grade, BPA Free (24 Cm)","<style type=""text/css"" data-mce-fragment=""1""><!--
td {border: 1px solid #cccccc;}br {mso-data-placement:same-cell;}
--></style>
<strong>5882 Silicone Spatula for Baking,¬†1 Pc Rubber Spatula Pancake Spatula Heat Resistant Kitchen Utensils for Cooking Non-Sticky Big Baking Spatula Set Food Grade, BPA Free (24 Cm)<br></strong><span data-sheets-value='{""1"":2,""2"":""5882_silicone_cooking_spatula""}' data-sheets-userformat='{""2"":1023,""3"":{""1"":1},""4"":{""1"":2,""2"":16777215},""5"":{""1"":[{""1"":2,""2"":0,""5"":{""1"":2,""2"":0}},{""1"":0,""2"":0,""3"":3},{""1"":1,""2"":0,""4"":1}]},""6"":{""1"":[{""1"":2,""2"":0,""5"":{""1"":2,""2"":0}},{""1"":0,""2"":0,""3"":3},{""1"":1,""2"":0,""4"":1}]},""7"":{""1"":[{""1"":2,""2"":0,""5"":{""1"":2,""2"":0}},{""1"":0,""2"":0,""3"":3},{""1"":1,""2"":0,""4"":1}]},""8"":{""1"":[{""1"":2,""2"":0,""5"":{""1"":2,""2"":0}},{""1"":0,""2"":0,""3"":3},{""1"":1,""2"":0,""4"":1}]},""9"":0,""10"":1,""11"":4,""12"":0}' data-mce-fragment=""1""><br><strong>Description:-</strong><br><br></span>
<ul class=""a-unordered-list a-vertical a-spacing-mini"">
<li class=""a-spacing-mini""><span class=""a-list-item"">Made from good quality silicone material, non-stick, and reusable.<br><br></span></li>
<li class=""a-spacing-mini""><span class=""a-list-item"">Use in any pan on the stovetop, in the oven, microwave or freezer.<br><br></span></li>
<li class=""a-spacing-mini""><span class=""a-list-item"">They will make your kitchen life more convenient and easier.<br><br></span></li>
<li class=""a-spacing-mini""><span class=""a-list-item"">It is an ideal use for spreading oil and butter on the cake, sandwich, and dip fry with less oil use.<br><br></span></li>
<li class=""a-spacing-mini""><span class=""a-list-item"">Food Grade Material, Heat Resistant] - With its food grade silicone material and high heat resistance, this¬†Big spatula set can keep your food safe and healthy.<br><br></span></li>
<li class=""a-spacing-mini""><span class=""a-list-item"">[Detachable Design, Easy to Clean] - Designed with detachable handle, smooth flexible thin edges, this pancake spatula set is easy to clean and dishwasher safe.<br><br></span></li>
<li class=""a-spacing-mini""><span class=""a-list-item"">[Lightweight and Easy to Store] - Portable and lightweight, this baking Kitchen Utensils is also easy to store with its hanging hole on the handle.</span></li>
</ul>
<span data-sheets-value='{""1"":2,""2"":""5882_silicone_cooking_spatula""}' data-sheets-userformat='{""2"":1023,""3"":{""1"":1},""4"":{""1"":2,""2"":16777215},""5"":{""1"":[{""1"":2,""2"":0,""5"":{""1"":2,""2"":0}},{""1"":0,""2"":0,""3"":3},{""1"":1,""2"":0,""4"":1}]},""6"":{""1"":[{""1"":2,""2"":0,""5"":{""1"":2,""2"":0}},{""1"":0,""2"":0,""3"":3},{""1"":1,""2"":0,""4"":1}]},""7"":{""1"":[{""1"":2,""2"":0,""5"":{""1"":2,""2"":0}},{""1"":0,""2"":0,""3"":3},{""1"":1,""2"":0,""4"":1}]},""8"":{""1"":[{""1"":2,""2"":0,""5"":{""1"":2,""2"":0}},{""1"":0,""2"":0,""3"":3},{""1"":1,""2"":0,""4"":1}]},""9"":0,""10"":1,""11"":4,""12"":0}' data-mce-fragment=""1""><br><strong>Dimension:-<br><br></strong>Volu. Weight (Gm) :- 68<br data-mce-fragment=""1""> <br data-mce-fragment=""1"">Product Weight (Gm) :- 38<br data-mce-fragment=""1""> <br data-mce-fragment=""1"">Ship Weight (Gm) :- 68<br data-mce-fragment=""1""> <br data-mce-fragment=""1"">Length (Cm) :- 24<br data-mce-fragment=""1""> <br data-mce-fragment=""1"">Breadth (Cm) :- 6<br data-mce-fragment=""1""> <br data-mce-fragment=""1"">Height (Cm) :- 2<br data-mce-fragment=""1""><strong><br></strong></span>",your brand,,Kitchen Accessories,"Kitchen & Home Appliances, plastic packing",TRUE,Title,Default Title,,,,,5882_silicone_cooking_spatula,68,shopify,0,deny,manual,42,199,TRUE,TRUE,5882_silicone_cooking_spatula,https://cdn.shopify.com/s/files/1/0782/3284/6646/files/03_a9c6fda8-a9ce-4841-a8cb-f3508d0b32da.jpg?v=1695711550,1,,FALSE,,,,,,,,,,,,,,,g,,,TRUE,TRUE,,,active
5882_silicone_cooking_spatula,,,,,,,,,,,,,,,,,,,,,,,,,https://cdn.shopify.com/s/files/1/0782/3284/6646/files/641eca07-c7f8-47c5-9636-ea630833aa97.jpg?v=1695711550,2,,,,,,,,,,,,,,,,,,,,,,,,
5882_silicone_cooking_spatula,,,,,,,,,,,,,,,,,,,,,,,,,https://cdn.shopify.com/s/files/1/0782/3284/6646/files/02_1d0694e1-b2f1-4d61-a2e2-a7835925db77.jpg?v=1695711550,3,,,,,,,,,,,,,,,,,,,,,,,,
5882_silicone_cooking_spatula,,,,,,,,,,,,,,,,,,,,,,,,,https://cdn.shopify.com/s/files/1/0782/3284/6646/files/05_6a5f4b72-7d9e-419d-9d49-11e94690f8c3.jpg?v=1695711550,4,,,,,,,,,,,,,,,,,,,,,,,,
5882_silicone_cooking_spatula,,,,,,,,,,,,,,,,,,,,,,,,,https://cdn.shopify.com/s/files/1/0782/3284/6646/files/04_e4e17a6f-f55d-4c40-823c-a0641284342c.jpg?v=1695711550,5,,,,,,,,,,,,,,,,,,,,,,,,
5882_silicone_cooking_spatula,,,,,,,,,,,,,,,,,,,,,,,,,https://cdn.shopify.com/s/files/1/0782/3284/6646/files/53d3278a-e592-4f8e-ac1e-b978451d72ba.jpg?v=1695711550,6,,,,,,,,,,,,,,,,,,,,,,,,
5495_pineapple_lunch_box,5495 Pineapple Shaped Lunch Box with Compartments Lunch Food Container with Box Portable Lid School & Kids Lunch Box,"<span data-mce-fragment=""1""><strong>5495 Pineapple Shaped Lunch Box with Compartments Lunch Food Container with Box Portable Lid School¬†&amp; Kids Lunch Box¬†</strong><br></span><span data-mce-fragment=""1""><br><strong>Description :-¬†</strong><br></span>
<ul class=""a-unordered-list a-vertical a-spacing-mini"">
<li class=""a-spacing-mini""><span class=""a-list-item"">Durability: Made from high-quality materials, lunch box is durable and can withstand frequent use. is also easy to clean and resistant to water and stains.<br><br></span></li>
<li class=""a-spacing-mini""><span class=""a-list-item"">üççUnique Design: pineapple shape lunch box is eye-catching and stands out from traditional lunch box designs. is quirky, fun, and sure to turn heads.<br><br></span></li>
<li class=""a-spacing-mini""><span class=""a-list-item"">üççEnvironmentally-Friendly: lunch box is reusable, reducing waste from single-use plastic containers and promoting sustainability.<br><br></span></li>
<li class=""a-spacing-mini""><span class=""a-list-item"">üççVersatility: shape and size lunch box make versatile for packing a variety foods, from sandwiches to fruit to snacks. lid also doubles as a making convenient for on go eating.</span></li>
</ul>
<span data-mce-fragment=""1""><br><strong>Dimension :-¬†<br><br></strong>Volu. Weight (Gm) :- 548<br data-mce-fragment=""1""> <br data-mce-fragment=""1"">Product Weight (Gm) :- 186<br data-mce-fragment=""1""> <br data-mce-fragment=""1"">Ship Weight (Gm) :- 548<br data-mce-fragment=""1""> <br data-mce-fragment=""1"">Length (Cm) :- 21<br data-mce-fragment=""1""> <br data-mce-fragment=""1"">Breadth (Cm) :- 16<br data-mce-fragment=""1""> <br data-mce-fragment=""1"">Height (Cm) :- 8<strong><br data-mce-fragment=""1""></strong></span>",your brand,,Lunch Box,"Kitchen Storage/Lunch Box/Tiffin, Loose",TRUE,Title,Default Title,,,,,5495_Pineapple_lunch_box,548,shopify,60,deny,manual,310,399,TRUE,TRUE,5495_Pineapple_lunch_box,https://cdn.shopify.com/s/files/1/0782/3284/6646/files/PineAppleShape.jpg?v=1695708433,1,,FALSE,,,,,,,,,,,,,,,g,,,TRUE,TRUE,,,active
5495_pineapple_lunch_box,,,,,,,,,,,,,,,,,,,,,,,,,https://cdn.shopify.com/s/files/1/0782/3284/6646/files/d08b5ccf-791e-4d59-b044-87d61e15bd37.jpg?v=1695708433,2,,,,,,,,,,,,,,,,,,,,,,,,
5495_pineapple_lunch_box,,,,,,,,,,,,,,,,,,,,,,,,,https://cdn.shopify.com/s/files/1/0782/3284/6646/files/4_328ac056-c3dd-4453-96ac-1a1e88acbca3.jpg?v=1695708433,3,,,,,,,,,,,,,,,,,,,,,,,,
5495_pineapple_lunch_box,,,,,,,,,,,,,,,,,,,,,,,,,https://cdn.shopify.com/s/files/1/0782/3284/6646/files/51VW4SRF-kL._AC_SL1001.jpg?v=1695708433,4,,,,,,,,,,,,,,,,,,,,,,,,
5495_pineapple_lunch_box,,,,,,,,,,,,,,,,,,,,,,,,,https://cdn.shopify.com/s/files/1/0782/3284/6646/files/5_465005ed-677d-4793-b3ce-59fcd7042d3c.jpg?v=1695708433,5,,,,,,,,,,,,,,,,,,,,,,,,
5495_pineapple_lunch_box,,,,,,,,,,,,,,,,,,,,,,,,,https://cdn.shopify.com/s/files/1/0782/3284/6646/files/2_2aa1b373-2764-4f95-9025-543074b1e044.jpg?v=1695708433,6,,,,,,,,,,,,,,,,,,,,,,,,
5495_pineapple_lunch_box,,,,,,,,,,,,,,,,,,,,,,,,,https://cdn.shopify.com/s/files/1/0782/3284/6646/files/3_9d5b9855-d00f-424b-9273-7ddfea96c9f0.jpg?v=1695708433,7,,,,,,,,,,,,,,,,,,,,,,,,
5495_pineapple_lunch_box,,,,,,,,,,,,,,,,,,,,,,,,,https://cdn.shopify.com/s/files/1/0782/3284/6646/files/616o9irNSvL._AC_SL1001.jpg?v=1695708433,8,,,,,,,,,,,,,,,,,,,,,,,,
5495_pineapple_lunch_box,,,,,,,,,,,,,,,,,,,,,,,,,https://cdn.shopify.com/s/files/1/0782/3284/6646/files/9f587013-c14e-4457-b1bc-23b0248e30ef.jpg?v=1695708819,9,,,,,,,,,,,,,,,,,,,,,,,,
5883_silicone_cooking_brush,"5883  Silicone Pastry Brush Heat Resistant Basting Baking Brush, Kitchen Silicon Oil Basting Brush Multi-Purpose Silicone Durable Easy Use | Oil Cooking Brush for Grilling, Tandoor, Cooking, Baking, BBQ/Brush for Cooking (1Pc, 22 Cm)","<style type=""text/css"" data-mce-fragment=""1""><!--
td {border: 1px solid #cccccc;}br {mso-data-placement:same-cell;}
--></style>
<strong>5883¬† Silicone Pastry Brush Heat Resistant Basting Baking Brush,¬†Kitchen Silicon Oil Basting Brush Multi-Purpose Silicone Durable Easy Use | Oil Cooking Brush for Grilling, Tandoor, Cooking, Baking, BBQ/Brush for Cooking (1Pc, 22 Cm)</strong><br><br><strong>Description:-</strong><br><br>
<ul class=""a-unordered-list a-vertical a-spacing-mini"" data-mce-fragment=""1"">
<li class=""a-spacing-mini"" data-mce-fragment=""1""><span class=""a-list-item"" data-mce-fragment=""1"">High-Quality Material: Made of food-grade heatproof silicone environmental safe materials Handle made of good quality plastic, our silicone baking oil brushes are BPA Free, odorless, and healthy to use. It can withstand high temperatures up to 230‚ÑÉ.<br><br></span></li>
<li class=""a-spacing-mini"" data-mce-fragment=""1""><span class=""a-list-item"" data-mce-fragment=""1"">Use in Any Pan on the Stovetop, In the Oven, Microwave, or Freezer | These silicone baking basting brushes' sizes are about 20x4x1 cms. Small and lightweight, easy and portable to carry out or go camping.<br><br></span></li>
<li class=""a-spacing-mini""><span class=""a-list-item"">Easy to Clean: Unlike nylon brushes, the silicone brush is very easy to clean, bristles do not shed, and don‚Äôt remain greasy after cleaning.<br><br></span></li>
<li class=""a-spacing-mini""><span class=""a-list-item"">Useful Kitchen Brush: This kitchen brush for cooking has 4 rows of silicone coated bristles, can hold a generous amount of liquid and spread your food more evenly.<br><br></span></li>
<li class=""a-spacing-mini""><span class=""a-list-item"">Multiple Uses: Silicone brush cooking can be used for cooking, barbecue, kitchen, grilling, roasting, baking.<br><br></span></li>
<li class=""a-spacing-mini"" data-mce-fragment=""1""><span class=""a-list-item"" data-mce-fragment=""1"">Multi Purpose &amp; Easy to Use</span></li>
</ul>
<br><strong>Dimension:-<br><br></strong>Volu. Weight (Gm) :- 63<br data-mce-fragment=""1""> <br data-mce-fragment=""1"">Product Weight (Gm) :- 37<br data-mce-fragment=""1""> <br data-mce-fragment=""1"">Ship Weight (Gm) :- 63<br data-mce-fragment=""1""> <br data-mce-fragment=""1"">Length (Cm) :-¬†22<br data-mce-fragment=""1""> <br data-mce-fragment=""1"">Breadth (Cm) :- 6<br data-mce-fragment=""1""> <br data-mce-fragment=""1"">Height (Cm) :- 2<strong><br data-mce-fragment=""1""><br></strong>",your brand,,Kitchen Accessories,"Kitchen & Home Appliances, plastic packing",TRUE,Title,Default Title,,,,,5883_silicone_cooking_brush,63,shopify,3000,deny,manual,42,199,TRUE,TRUE,5883_silicone_cooking_brush,https://cdn.shopify.com/s/files/1/0782/3284/6646/files/05_ccc2ce8d-e7aa-4ba4-9861-330eaf92c1c4.jpg?v=1695711595,1,,FALSE,,,,,,,,,,,,,,,g,,,TRUE,TRUE,,,active
5883_silicone_cooking_brush,,,,,,,,,,,,,,,,,,,,,,,,,https://cdn.shopify.com/s/files/1/0782/3284/6646/files/489f466d-c75a-49c0-b2b7-6de66edb7274.jpg?v=1695711595,2,,,,,,,,,,,,,,,,,,,,,,,,
5883_silicone_cooking_brush,,,,,,,,,,,,,,,,,,,,,,,,,https://cdn.shopify.com/s/files/1/0782/3284/6646/files/03_e6712874-dd1d-4197-9058-6e81ff687a94.jpg?v=1695711595,3,,,,,,,,,,,,,,,,,,,,,,,,
5883_silicone_cooking_brush,,,,,,,,,,,,,,,,,,,,,,,,,https://cdn.shopify.com/s/files/1/0782/3284/6646/files/04_b4dac32e-4cb9-4008-990f-46ee716ea451.jpg?v=1695711595,4,,,,,,,,,,,,,,,,,,,,,,,,
5883_silicone_cooking_brush,,,,,,,,,,,,,,,,,,,,,,,,,https://cdn.shopify.com/s/files/1/0782/3284/6646/files/02_e92c9faa-5f2f-4ae0-b0b5-a427019650b4.jpg?v=1695711595,5,,,,,,,,,,,,,,,,,,,,,,,,
5883_silicone_cooking_brush,,,,,,,,,,,,,,,,,,,,,,,,,https://cdn.shopify.com/s/files/1/0782/3284/6646/files/705714f0-c3c6-4043-be45-92c9d0dd1d32.jpg?v=1695711595,6,,,,,,,,,,,,,,,,,,,,,,,,
